row_id,response
r01,A dashboard with today's usage would help a lot.
r02,Group charges by project so we can recharge teams.
r03,Hourly or better usage updates.
r04,"Flat fee works fine, don't change it."
r05,"We prefer predictable costs, keep the flat plan."
r06,I'd switch if I could track it live.
r07,We were billed the new rate for days we didn't have it.
r08,I'd rather overpay slightly and know the cost.
r09,Can we get alerts as usage climbs?
r10,Please make current usage easy to find.
r11,Separate invoices per project would be ideal.
r12,I want to see usage as it happens so there are no surprises.
r13,Changing plan cost us more than it should have.
r14,Honestly a flat fee is easier to budget for.
r15,"We allocate costs by project, please support that."
r16,Our finance team likes one number each month.
r17,Flat pricing is simpler for our contracts.
r18,Mid-cycle upgrade led to a dispute with your team.
r19,Upgrade billing felt unfair last quarter.
r20,"Keep it simple, flat fee please."
r21,Please keep a flat option available.
r22,Plan change billing needs fixing.
r23,Our budget owners want to see consumption live.
r24,Got overcharged after changing plans.
r25,Can invoices be broken down per project?
r26,Transparency on usage before the invoice arrives.
r27,"Show me my spend during the month, not after."
r28,Real-time usage visibility is a must for our finance team.
r29,Paid full month at the new price after upgrading late in the month.
r30,Usage pricing makes procurement harder for us.
r31,Invoice after upgrading was wrong.
r32,Project-level billing would help our accounting.
r33,Worried usage pricing will cost us more.
r34,Seeing costs build up in real time matters more than the price.
r35,We need invoices split by project.
r36,Would need to watch usage daily to trust this.
r37,We need a live view of calls by department.
r38,We upgraded mid-month and paid the higher price for the whole month.
r39,Visibility during the month is the main thing.
r40,Variable bills are hard to approve internally.
